Date;Team;Rank;Score;
20-5-1998;Brazil;1;71;
20-5-1998;Germany;2;64;
20-5-1998;Czech Republic;3;64;
20-5-1998;Mexico;4;61;
20-5-1998;England;5;60;
20-5-1998;Argentina;6;60;
20-5-1998;Norway;7;59;
20-5-1998;Yugoslavia;8;59;
20-5-1998;Chile;9;58;
20-5-1998;Colombia;10;58;
20-5-1998;USA;11;58;
20-5-1998;Japan;12;57;
20-5-1998;Morocco;13;57;
20-5-1998;Italy;14;56;
20-5-1998;Spain;15;56;
20-5-1998;Russia;16;56;
20-5-1998;Egypt;17;56;
20-5-1998;France;18;56;
20-5-1998;Croatia;19;55;
20-5-1998;Korea Republic;20;55;
20-5-1998;Tunisia;21;55;
20-5-1998;Romania;22;54;
20-5-1998;Zambia;23;54;
20-5-1998;South Africa;24;54;
20-5-1998;Netherlands;25;54;
20-5-1998;Ecuador;26;53;
20-5-1998;Denmark;27;52;
20-5-1998;Sweden;28;52;
20-5-1998;Paraguay;29;52;
20-5-1998;Jamaica;30;52;
20-5-1998;Austria;31;51;
20-5-1998;Australia;32;51;
20-5-1998;Bolivia;33;51;
20-5-1998;Saudi Arabia;34;50;
20-5-1998;Bulgaria;35;50;
20-5-1998;Belgium;36;50;
20-5-1998;Peru;37;50;
20-5-1998;Uruguay;38;50;
20-5-1998;Portugal;39;49;
20-5-1998;Slovakia;40;49;
20-5-1998;Scotland;41;48;
20-5-1998;Iran;42;47;
20-5-1998;Kuwait;43;46;
20-5-1998;Cote d'Ivoire;44;46;
20-5-1998;Lithuania;45;46;
20-5-1998;Republic of Ireland;46;46;
20-5-1998;Israel;47;45;
20-5-1998;Trinidad and Tobago;48;45;
20-5-1998;Cameroon;49;45;
20-5-1998;Thailand;50;45;
20-5-1998;China PR;51;45;
20-5-1998;Georgia;52;45;
20-5-1998;Turkey;53;44;
20-5-1998;Poland;54;44;
20-5-1998;Greece;55;44;
20-5-1998;Angola;56;43;
20-5-1998;Algeria;57;43;
20-5-1998;Costa Rica;58;43;
20-5-1998;United Arab Emirates;59;42;
20-5-1998;Guinea;60;42;
20-5-1998;Finland;61;42;
20-5-1998;Hungary;62;41;
20-5-1998;Zaire;63;40;
20-5-1998;Ukraine;64;40;
20-5-1998;Ghana;65;40;
20-5-1998;Mali;66;39;
20-5-1998;Burkina Faso;67;39;
20-5-1998;El Salvador;68;38;
20-5-1998;Mozambique;69;38;
20-5-1998;Qatar;70;38;
20-5-1998;FYR Macedonia;71;37;
20-5-1998;Iceland;72;37;
20-5-1998;Togo;73;37;
20-5-1998;Nigeria;74;36;
20-5-1998;Guatemala;75;36;
20-5-1998;Namibia;76;36;
20-5-1998;Canada;77;36;
20-5-1998;Senegal;78;36;
20-5-1998;Gabon;79;35;
20-5-1998;Uzbekistan;80;35;
20-5-1998;Switzerland;81;35;
20-5-1998;Latvia;82;35;
20-5-1998;Cyprus;83;35;
20-5-1998;Zimbabwe;84;35;
20-5-1998;Iraq;85;33;
20-5-1998;Honduras;86;33;
20-5-1998;Oman;87;33;
20-5-1998;Cuba;88;33;
20-5-1998;Indonesia;89;33;
20-5-1998;Northern Ireland;90;33;
20-5-1998;Sierra Leone;91;32;
20-5-1998;Syria;92;31;
20-5-1998;Kenya;93;30;
20-5-1998;Slovenia;94;30;
20-5-1998;Tanzania;95;30;
20-5-1998;Lebanon;96;30;
20-5-1998;Malawi;97;29;
20-5-1998;Liberia;98;29;
20-5-1998;Malaysia;99;28;
20-5-1998;Vietnam;100;28;
20-5-1998;Albania;101;28;
20-5-1998;Bosnia-Herzegovina;102;28;
20-5-1998;Wales;103;28;
20-5-1998;Estonia;104;28;
20-5-1998;Grenada;105;27;
20-5-1998;Singapore;106;27;
20-5-1998;Kazakhstan;107;26;
20-5-1998;Barbados;108;25;
20-5-1998;Congo;109;25;
20-5-1998;Haiti;110;25;
20-5-1998;Armenia;111;25;
20-5-1998;Belarus;112;24;
20-5-1998;Sudan;113;24;
20-5-1998;Venezuela;114;24;
20-5-1998;India;115;24;
20-5-1998;Uganda;116;24;
20-5-1998;New Zealand;117;23;
20-5-1998;Myanmar;118;22;
20-5-1998;Tajikistan;119;22;
20-5-1998;Gambia;120;22;
20-5-1998;Faroe Islands;121;22;
20-5-1998;St. Kitts and Nevis;122;21;
20-5-1998;Azerbaijan;123;21;
20-5-1998;Malta;124;20;
20-5-1998;Jordan;125;20;
20-5-1998;St. Vincent and the Grenadines;126;20;
20-5-1998;Panama;127;19;
20-5-1998;Mauritania;128;19;
20-5-1998;Sri Lanka;129;19;
20-5-1998;Dominica;130;17;
20-5-1998;Ethiopia;131;17;
20-5-1998;Benin;132;16;
20-5-1998;St. Lucia;133;16;
20-5-1998;Bahrain;134;16;
20-5-1998;Yemen;135;16;
20-5-1998;Lesotho;136;16;
20-5-1998;Solomon Islands;137;16;
20-5-1998;Moldova;138;16;
20-5-1998;Hong Kong;139;15;
20-5-1998;Turkmenistan;140;15;
20-5-1998;Kyrgyzstan;141;15;
20-5-1998;Dominican Republic;142;14;
20-5-1998;Luxembourg;143;14;
20-5-1998;Antigua and Barbuda;144;13;
20-5-1998;Laos;145;13;
20-5-1998;Suriname;146;13;
20-5-1998;Swaziland;147;12;
20-5-1998;Libya;148;12;
20-5-1998;Bangladesh;149;11;
20-5-1998;Netherlands Antilles;150;11;
20-5-1998;Fiji;151;11;
20-5-1998;Guinea-Bissau;152;10;
20-5-1998;Guyana;153;10;
20-5-1998;Botswana;154;9;
20-5-1998;Niger;155;9;
20-5-1998;Pakistan;156;9;
20-5-1998;Mauritius;157;9;
20-5-1998;Burundi;158;8;
20-5-1998;Cambodia;159;7;
20-5-1998;Maldives;160;7;
20-5-1998;Macau;161;7;
20-5-1998;Chinese Taipei;162;7;
20-5-1998;Tahiti;163;7;
20-5-1998;Cape Verde Islands;164;7;
20-5-1998;Liechtenstein;165;7;
20-5-1998;Nepal;166;6;
20-5-1998;Cayman Islands;167;6;
20-5-1998;Papua New Guinea;168;6;
20-5-1998;Madagascar;169;6;
20-5-1998;Korea DPR;170;5;
20-5-1998;Puerto Rico;171;5;
20-5-1998;Rwanda;172;4;
20-5-1998;Aruba;173;4;
20-5-1998;Philippines;174;4;
20-5-1998;Tonga;175;4;
20-5-1998;San Marino;176;3;
20-5-1998;Brunei Darussalam;177;3;
20-5-1998;Belize;178;2;
20-5-1998;British Virgin Islands;179;2;
20-5-1998;Seychelles;180;2;
20-5-1998;Samoa;181;2;
20-5-1998;Chad;182;2;
20-5-1998;Bermuda;183;2;
20-5-1998;Nicaragua;184;1;
20-5-1998;Andorra;185;1;
20-5-1998;Vanuatu;186;1;
20-5-1998;Somalia;187;1;
20-5-1998;Central African Republic;188;0;
20-5-1998;Djibouti;189;0;
20-5-1998;Anguilla;190;0;
20-5-1998;Cook Islands;191;0;
20-5-1998;Guam;192;0;
15-5-2002;France;1;802;
15-5-2002;Brazil;2;784;
15-5-2002;Argentina;3;784;
15-5-2002;Colombia;4;728;
15-5-2002;Portugal;5;726;
15-5-2002;Italy;6;717;
15-5-2002;Mexico;7;716;
15-5-2002;Spain;8;713;
15-5-2002;Netherlands;9;703;
15-5-2002;Yugoslavia;10;702;
15-5-2002;Germany;11;695;
15-5-2002;England;12;694;
15-5-2002;USA;13;690;
15-5-2002;Romania;14;675;
15-5-2002;Republic of Ireland;15;674;
15-5-2002;Czech Republic;16;674;
15-5-2002;Cameroon;17;672;
15-5-2002;Paraguay;18;671;
15-5-2002;Sweden;19;665;
15-5-2002;Denmark;20;657;
15-5-2002;Croatia;21;655;
15-5-2002;Turkey;22;654;
15-5-2002;Belgium;23;653;
15-5-2002;Uruguay;24;652;
15-5-2002;Slovenia;25;649;
15-5-2002;Honduras;26;647;
15-5-2002;Nigeria;27;644;
15-5-2002;Russia;28;644;
15-5-2002;Costa Rica;29;643;
15-5-2002;Iran;30;635;
15-5-2002;Tunisia;31;635;
15-5-2002;Japan;32;634;
15-5-2002;Norway;33;631;
15-5-2002;Saudi Arabia;34;627;
15-5-2002;Trinidad and Tobago;35;624;
15-5-2002;Ecuador;36;624;
15-5-2002;South Africa;37;623;
15-5-2002;Poland;38;615;
15-5-2002;Morocco;39;612;
15-5-2002;Korea Republic;40;603;
15-5-2002;Finland;41;600;
15-5-2002;Senegal;42;599;
15-5-2002;Egypt;43;598;
15-5-2002;Ukraine;44;593;
15-5-2002;Chile;45;590;
15-5-2002;Cote d'Ivoire;46;580;
15-5-2002;Peru;47;578;
15-5-2002;Australia;48;575;
15-5-2002;Slovakia;49;574;
15-5-2002;China PR;50;566;
15-5-2002;Israel;51;563;
15-5-2002;Ghana;52;558;
15-5-2002;Greece;53;558;
15-5-2002;Bulgaria;54;557;
15-5-2002;Scotland;55;557;
15-5-2002;Iceland;56;553;
15-5-2002;Jamaica;57;549;
15-5-2002;Angola;58;545;
15-5-2002;Georgia;59;545;
15-5-2002;Thailand;60;544;
15-5-2002;Austria;61;543;
15-5-2002;Guatemala;62;538;
15-5-2002;United Arab Emirates;63;536;
15-5-2002;Switzerland;64;531;
15-5-2002;Zambia;65;530;
15-5-2002;Zimbabwe;66;527;
15-5-2002;Uzbekistan;67;523;
15-5-2002;Hungary;68;523;
15-5-2002;Togo;69;518;
15-5-2002;Bolivia;70;512;
15-5-2002;Iraq;71;509;
15-5-2002;Bosnia-Herzegovina;72;508;
15-5-2002;Qatar;73;507;
15-5-2002;Congo DR;74;505;
15-5-2002;Canada;75;504;
15-5-2002;Liberia;76;500;
15-5-2002;Kuwait;77;500;
15-5-2002;Cuba;78;498;
15-5-2002;Algeria;79;497;
15-5-2002;Burkina Faso;80;497;
15-5-2002;Haiti;81;496;
15-5-2002;Cyprus;82;492;
15-5-2002;Venezuela;83;488;
15-5-2002;El Salvador;84;480;
15-5-2002;Mali;85;471;
15-5-2002;Estonia;86;471;
15-5-2002;New Zealand;87;471;
15-5-2002;Belarus;88;463;
15-5-2002;FYR Macedonia;89;462;
15-5-2002;Northern Ireland;90;455;
15-5-2002;Oman;91;454;
15-5-2002;Indonesia;92;453;
15-5-2002;Syria;93;449;
15-5-2002;Lebanon;94;445;
15-5-2002;Albania;95;442;
15-5-2002;Wales;96;440;
15-5-2002;Congo;97;439;
15-5-2002;Lithuania;98;436;
15-5-2002;Latvia;99;435;
15-5-2002;Jordan;100;434;
15-5-2002;Armenia;101;433;
15-5-2002;Kazakhstan;102;429;
15-5-2002;Moldova;103;425;
15-5-2002;Gabon;104;422;
15-5-2002;Namibia;105;422;
15-5-2002;Kenya;106;418;
15-5-2002;Vietnam;107;417;
15-5-2002;Bahrain;108;409;
15-5-2002;Barbados;109;407;
15-5-2002;Guinea;110;399;
15-5-2002;Panama;111;388;
15-5-2002;Malaysia;112;384;
15-5-2002;Singapore;113;381;
15-5-2002;Turkmenistan;114;377;
15-5-2002;Azerbaijan;115;377;
15-5-2002;Libya;116;374;
15-5-2002;Madagascar;117;366;
15-5-2002;Malta;118;366;
15-5-2002;Faroe Islands;119;365;
15-5-2002;Uganda;120;364;
15-5-2002;Sudan;121;360;
15-5-2002;Malawi;122;353;
15-5-2002;India;123;350;
15-5-2002;Swaziland;124;349;
15-5-2002;Fiji;125;340;
15-5-2002;Korea DPR;126;339;
15-5-2002;Mauritius;127;335;
15-5-2002;Tahiti;128;332;
15-5-2002;Mozambique;129;330;
15-5-2002;Burundi;130;328;
15-5-2002;St. Vincent and the Grenadines;131;327;
15-5-2002;St. Kitts and Nevis;132;320;
15-5-2002;Rwanda;133;319;
15-5-2002;Ethiopia;134;318;
15-5-2002;St. Lucia;135;318;
15-5-2002;Lesotho;136;313;
15-5-2002;Solomon Islands;137;305;
15-5-2002;Grenada;138;305;
15-5-2002;Botswana;139;303;
15-5-2002;Yemen;140;297;
15-5-2002;Andorra;141;286;
15-5-2002;Sri Lanka;142;281;
15-5-2002;Hong Kong;143;280;
15-5-2002;Sierra Leone;144;279;
15-5-2002;Luxembourg;145;266;
15-5-2002;Suriname;146;260;
15-5-2002;Palestine;147;247;
15-5-2002;Maldives;148;245;
15-5-2002;Bangladesh;149;241;
15-5-2002;Liechtenstein;150;241;
15-5-2002;Benin;151;239;
15-5-2002;Tanzania;152;237;
15-5-2002;Myanmar;153;229;
15-5-2002;Gambia;154;227;
15-5-2002;Tajikistan;155;221;
15-5-2002;Nepal;156;214;
15-5-2002;Belize;157;211;
15-5-2002;Antigua and Barbuda;158;211;
15-5-2002;San Marino;159;204;
15-5-2002;Cape Verde Islands;160;202;
15-5-2002;Dominican Republic;161;198;
15-5-2002;British Virgin Islands;162;197;
15-5-2002;Dominica;163;197;
15-5-2002;Laos;164;196;
15-5-2002;Samoa;165;195;
15-5-2002;Kyrgyzstan;166;195;
15-5-2002;Cayman Islands;167;188;
15-5-2002;Bermuda;168;187;
15-5-2002;Eritrea;169;182;
15-5-2002;Vanuatu;170;180;
15-5-2002;Cambodia;171;175;
15-5-2002;Chinese Taipei;172;170;
15-5-2002;Tonga;173;157;
15-5-2002;Guinea-Bissau;174;147;
15-5-2002;Philippines;175;145;
15-5-2002;Chad;176;144;
15-5-2002;Guyana;177;143;
15-5-2002;Mauritania;178;140;
15-5-2002;Cook Islands;179;139;
15-5-2002;Papua New Guinea;180;130;
15-5-2002;Pakistan;181;130;
15-5-2002;Macau;182;109;
15-5-2002;Central African Republic;183;106;
15-5-2002;Bahamas;184;103;
15-5-2002;Netherlands Antilles;185;101;
15-5-2002;Aruba;186;99;
15-5-2002;Sao Tome e Principe;187;97;
15-5-2002;Mongolia;188;92;
15-5-2002;Nicaragua;189;88;
15-5-2002;Brunei Darussalam;190;83;
15-5-2002;Equatorial Guinea;191;76;
15-5-2002;Djibouti;192;73;
15-5-2002;Niger;193;68;
15-5-2002;Seychelles;194;67;
15-5-2002;Somalia;195;66;
15-5-2002;Anguilla;196;63;
15-5-2002;Puerto Rico;197;53;
15-5-2002;US Virgin Islands;198;46;
15-5-2002;Guam;199;24;
15-5-2002;Turks and Caicos Islands;200;19;
15-5-2002;American Samoa;201;19;
15-5-2002;Bhutan;202;13;
15-5-2002;Montserrat;203;9;
17-5-2006;Brazil;1;827;
17-5-2006;Czech Republic;2;772;
17-5-2006;Netherlands;3;768;
17-5-2006;Mexico;4;758;
17-5-2006;Spain;5;756;
17-5-2006;USA;6;756;
17-5-2006;Portugal;7;750;
17-5-2006;France;8;749;
17-5-2006;Argentina;9;746;
17-5-2006;England;10;741;
17-5-2006;Denmark;11;736;
17-5-2006;Nigeria;12;736;
17-5-2006;Italy;13;728;
17-5-2006;Turkey;14;726;
17-5-2006;Cameroon;15;722;
17-5-2006;Sweden;16;709;
17-5-2006;Egypt;17;708;
17-5-2006;Japan;18;705;
17-5-2006;Germany;19;696;
17-5-2006;Greece;20;694;
17-5-2006;Tunisia;21;693;
17-5-2006;Uruguay;22;689;
17-5-2006;Iran;23;686;
17-5-2006;Croatia;24;686;
17-5-2006;Romania;25;685;
17-5-2006;Costa Rica;26;683;
17-5-2006;Colombia;27;681;
17-5-2006;Senegal;28;679;
17-5-2006;Poland;29;677;
17-5-2006;Korea Republic;30;677;
17-5-2006;Republic of Ireland;31;671;
17-5-2006;Cote d'Ivoire;32;669;
17-5-2006;Paraguay;33;653;
17-5-2006;Saudi Arabia;34;651;
17-5-2006;Switzerland;35;648;
17-5-2006;Morocco;36;646;
17-5-2006;Bulgaria;37;645;
17-5-2006;Russia;38;645;
17-5-2006;Ecuador;39;631;
17-5-2006;Norway;40;627;
17-5-2006;Slovakia;41;613;
17-5-2006;Honduras;42;612;
17-5-2006;Australia;43;612;
17-5-2006;Serbia and Montenegro;44;610;
17-5-2006;Ukraine;45;609;
17-5-2006;Jamaica;46;607;
17-5-2006;Trinidad and Tobago;47;604;
17-5-2006;Ghana;48;600;
17-5-2006;Finland;49;599;
17-5-2006;Israel;50;599;
17-5-2006;Guinea;51;597;
17-5-2006;Iraq;52;595;
17-5-2006;South Africa;53;593;
17-5-2006;Bahrain;54;588;
17-5-2006;Zimbabwe;55;586;
17-5-2006;Belgium;56;582;
17-5-2006;Zambia;57;581;
17-5-2006;Angola;58;581;
17-5-2006;Scotland;59;576;
17-5-2006;Uzbekistan;60;571;
17-5-2006;Togo;61;569;
17-5-2006;Guatemala;62;565;
17-5-2006;Bosnia-Herzegovina;63;561;
17-5-2006;Chile;64;557;
17-5-2006;Belarus;65;553;
17-5-2006;Peru;66;550;
17-5-2006;Mali;67;550;
17-5-2006;China PR;68;545;
17-5-2006;Congo DR;69;544;
17-5-2006;Latvia;70;541;
17-5-2006;United Arab Emirates;71;539;
17-5-2006;Venezuela;72;539;
17-5-2006;Slovenia;73;539;
17-5-2006;Kuwait;74;538;
17-5-2006;Wales;75;538;
17-5-2006;Hungary;76;535;
17-5-2006;Estonia;77;534;
17-5-2006;Qatar;78;533;
17-5-2006;Austria;79;531;
17-5-2006;Cuba;80;527;
17-5-2006;Panama;81;523;
17-5-2006;Oman;82;519;
17-5-2006;Canada;83;515;
17-5-2006;Jordan;84;513;
17-5-2006;Albania;85;512;
17-5-2006;Libya;86;511;
17-5-2006;Algeria;87;505;
17-5-2006;Korea DPR;88;503;
17-5-2006;Burkina Faso;89;500;
17-5-2006;Syria;90;496;
17-5-2006;FYR Macedonia;91;489;
17-5-2006;Singapore;92;482;
17-5-2006;Lithuania;93;481;
17-5-2006;Rwanda;94;476;
17-5-2006;Kenya;95;471;
17-5-2006;Northern Ireland;96;469;
17-5-2006;Sudan;97;468;
17-5-2006;Uganda;98;468;
17-5-2006;Iceland;99;463;
17-5-2006;Cyprus;100;462;
17-5-2006;Georgia;101;459;
17-5-2006;Bolivia;102;456;
17-5-2006;Botswana;103;454;
17-5-2006;Moldova;104;452;
17-5-2006;Gabon;105;448;
17-5-2006;Haiti;106;447;
17-5-2006;Malawi;107;436;
17-5-2006;Thailand;108;435;
17-5-2006;Armenia;109;416;
17-5-2006;Indonesia;110;402;
17-5-2006;Congo;111;397;
17-5-2006;Ethiopia;112;392;
17-5-2006;Azerbaijan;113;392;
17-5-2006;Benin;114;387;
17-5-2006;Palestine;115;384;
17-5-2006;Hong Kong;116;381;
17-5-2006;India;117;378;
17-5-2006;New Zealand;118;376;
17-5-2006;Barbados;119;372;
17-5-2006;Turkmenistan;120;371;
17-5-2006;Tajikistan;121;369;
17-5-2006;Lebanon;122;368;
17-5-2006;Liechtenstein;123;360;
17-5-2006;Cape Verde Islands;124;360;
17-5-2006;Malta;125;359;
17-5-2006;Vietnam;126;353;
17-5-2006;Malaysia;127;346;
17-5-2006;Mozambique;128;346;
17-5-2006;El Salvador;129;343;
17-5-2006;Andorra;130;343;
17-5-2006;St. Lucia;131;331;
17-5-2006;Yemen;132;327;
17-5-2006;St. Kitts and Nevis;133;325;
17-5-2006;St. Vincent and the Grenadines;134;325;
17-5-2006;Kazakhstan;135;319;
17-5-2006;Sri Lanka;136;318;
17-5-2006;Maldives;137;315;
17-5-2006;Swaziland;138;314;
17-5-2006;Faroe Islands;139;313;
17-5-2006;Bangladesh;140;307;
17-5-2006;Lesotho;141;306;
17-5-2006;Fiji;142;305;
17-5-2006;Liberia;143;304;
17-5-2006;Solomon Islands;144;293;
17-5-2006;Tahiti;145;287;
17-5-2006;Mauritius;146;274;
17-5-2006;Kyrgyzstan;147;273;
17-5-2006;Vanuatu;148;257;
17-5-2006;Myanmar;149;255;
17-5-2006;Burundi;150;254;
17-5-2006;Madagascar;151;252;
17-5-2006;Luxembourg;152;248;
17-5-2006;Pakistan;153;247;
17-5-2006;Equatorial Guinea;154;244;
17-5-2006;Grenada;155;240;
17-5-2006;Chinese Taipei;156;239;
17-5-2006;Nicaragua;157;237;
17-5-2006;Suriname;158;235;
17-5-2006;Chad;159;234;
17-5-2006;Antigua and Barbuda;160;233;
17-5-2006;San Marino;161;229;
17-5-2006;Guyana;162;211;
17-5-2006;Bermuda;163;211;
17-5-2006;Namibia;164;209;
17-5-2006;Sierra Leone;165;207;
17-5-2006;Gambia;166;198;
17-5-2006;Tanzania;167;193;
17-5-2006;Papua New Guinea;168;185;
17-5-2006;Nepal;169;184;
17-5-2006;Netherlands Antilles;170;178;
17-5-2006;Eritrea;171;174;
17-5-2006;Laos;172;173;
17-5-2006;British Virgin Islands;173;169;
17-5-2006;Dominica;174;164;
17-5-2006;Dominican Republic;175;151;
17-5-2006;Seychelles;176;147;
17-5-2006;Niger;177;138;
17-5-2006;Mauritania;178;134;
17-5-2006;Mongolia;179;133;
17-5-2006;Belize;180;129;
17-5-2006;Central African Republic;181;128;
17-5-2006;Cayman Islands;182;127;
17-5-2006;Samoa;183;125;
17-5-2006;Cambodia;184;112;
17-5-2006;Somalia;185;110;
17-5-2006;Guinea-Bissau;186;107;
17-5-2006;Tonga;187;105;
17-5-2006;Afghanistan;188;102;
17-5-2006;New Caledonia;189;102;
17-5-2006;Bhutan;190;88;
17-5-2006;Philippines;191;84;
17-5-2006;Macau;192;83;
17-5-2006;Brunei Darussalam;193;73;
17-5-2006;Bahamas;194;64;
17-5-2006;Cook Islands;195;61;
17-5-2006;Puerto Rico;196;60;
17-5-2006;US Virgin Islands;197;55;
17-5-2006;Sao Tome e Principe;198;52;
17-5-2006;Anguilla;199;50;
17-5-2006;Djibouti;200;45;
17-5-2006;Aruba;201;44;
17-5-2006;Montserrat;202;29;
17-5-2006;Guam;203;22;
17-5-2006;Turks and Caicos Islands;204;21;
17-5-2006;American Samoa;205;14;
26-5-2010;Brazil;1;1611;
26-5-2010;Spain;2;1565;
26-5-2010;Portugal;3;1249;
26-5-2010;Netherlands;4;1231;
26-5-2010;Italy;5;1184;
26-5-2010;Germany;6;1082;
26-5-2010;Argentina;7;1076;
26-5-2010;England;8;1068;
26-5-2010;France;9;1044;
26-5-2010;Croatia;10;1041;
26-5-2010;Russia;11;1015;
26-5-2010;Egypt;12;967;
26-5-2010;Greece;13;964;
26-5-2010;USA;14;957;
26-5-2010;Serbia;15;947;
26-5-2010;Uruguay;16;899;
26-5-2010;Mexico;17;895;
26-5-2010;Chile;18;888;
26-5-2010;Cameroon;19;887;
26-5-2010;Australia;20;886;
26-5-2010;Nigeria;21;883;
26-5-2010;Norway;22;882;
26-5-2010;Ukraine;23;875;
26-5-2010;Switzerland;24;866;
26-5-2010;Slovenia;25;860;
26-5-2010;Israel;26;857;
26-5-2010;Cote d'Ivoire;27;856;
26-5-2010;Romania;28;853;
26-5-2010;Turkey;29;830;
26-5-2010;Algeria;30;821;
26-5-2010;Paraguay;31;820;
26-5-2010;Ghana;32;800;
26-5-2010;Czech Republic;33;793;
26-5-2010;Slovakia;34;777;
26-5-2010;Colombia;35;776;
26-5-2010;Denmark;36;767;
26-5-2010;Sweden;37;761;
26-5-2010;Honduras;38;734;
26-5-2010;Bulgaria;39;711;
26-5-2010;Costa Rica;40;710;
26-5-2010;Republic of Ireland;41;709;
26-5-2010;Gabon;42;700;
26-5-2010;Scotland;43;699;
26-5-2010;Ecuador;44;694;
26-5-2010;Japan;45;682;
26-5-2010;Latvia;46;652;
26-5-2010;Korea Republic;47;632;
26-5-2010;Burkina Faso;48;611;
26-5-2010;Lithuania;49;608;
26-5-2010;Venezuela;50;608;
26-5-2010;Bosnia-Herzegovina;51;604;
26-5-2010;Finland;52;584;
26-5-2010;Peru;53;578;
26-5-2010;Mali;54;575;
26-5-2010;Tunisia;55;574;
26-5-2010;Northern Ireland;56;566;
26-5-2010;Hungary;57;565;
26-5-2010;Poland;58;561;
26-5-2010;Belgium;59;541;
26-5-2010;Benin;60;531;
26-5-2010;FYR Macedonia;61;521;
26-5-2010;Iran;62;521;
26-5-2010;Canada;63;516;
26-5-2010;Montenegro;64;500;
26-5-2010;Bolivia;65;499;
26-5-2010;Saudi Arabia;66;498;
26-5-2010;Cyprus;67;486;
26-5-2010;Austria;68;479;
26-5-2010;Bahrain;69;475;
26-5-2010;Morocco;70;463;
26-5-2010;Zambia;71;456;
26-5-2010;El Salvador;72;452;
26-5-2010;Uganda;73;440;
26-5-2010;Panama;74;434;
26-5-2010;Senegal;75;422;
26-5-2010;Togo;76;418;
26-5-2010;Wales;77;415;
26-5-2010;New Zealand;78;410;
26-5-2010;Albania;79;406;
26-5-2010;Iraq;80;405;
26-5-2010;Jamaica;81;399;
26-5-2010;Belarus;82;397;
26-5-2010;South Africa;83;392;
26-5-2010;China PR;84;387;
26-5-2010;Mozambique;85;383;
26-5-2010;Malawi;86;382;
26-5-2010;Guinea;87;381;
26-5-2010;Angola;88;379;
26-5-2010;Moldova;89;378;
26-5-2010;Iceland;90;367;
26-5-2010;Haiti;91;362;
26-5-2010;Oman;92;362;
26-5-2010;Gambia;93;361;
26-5-2010;Uzbekistan;94;354;
26-5-2010;Trinidad and Tobago;95;353;
26-5-2010;Qatar;96;351;
26-5-2010;Kuwait;97;350;
26-5-2010;Syria;98;343;
26-5-2010;Estonia;99;320;
26-5-2010;Armenia;100;311;
26-5-2010;United Arab Emirates;101;310;
26-5-2010;Libya;102;309;
26-5-2010;Congo;103;308;
26-5-2010;Jordan;104;300;
26-5-2010;Korea DPR;105;285;
26-5-2010;Thailand;106;276;
26-5-2010;Rwanda;107;269;
26-5-2010;Tanzania;108;261;
26-5-2010;Azerbaijan;109;259;
26-5-2010;Zimbabwe;110;258;
26-5-2010;Namibia;111;251;
26-5-2010;Yemen;112;248;
26-5-2010;Kenya;113;243;
26-5-2010;Cape Verde Islands;114;241;
26-5-2010;Guatemala;115;241;
26-5-2010;Botswana;116;236;
26-5-2010;Vietnam;117;231;
26-5-2010;Sudan;118;219;
26-5-2010;Antigua and Barbuda;119;218;
26-5-2010;Georgia;120;217;
26-5-2010;Congo DR;121;215;
26-5-2010;Guyana;122;205;
26-5-2010;Ethiopia;123;200;
26-5-2010;Grenada;124;198;
26-5-2010;Faroe Islands;125;196;
26-5-2010;Cuba;126;194;
26-5-2010;Luxembourg;127;193;
26-5-2010;Singapore;128;193;
26-5-2010;Kazakhstan;129;183;
26-5-2010;Sierra Leone;130;181;
26-5-2010;Swaziland;131;171;
26-5-2010;Fiji;132;167;
26-5-2010;India;133;163;
26-5-2010;Bermuda;134;160;
26-5-2010;Barbados;135;155;
26-5-2010;Tajikistan;136;155;
26-5-2010;Indonesia;137;153;
26-5-2010;Suriname;138;153;
26-5-2010;Turkmenistan;139;151;
26-5-2010;Hong Kong;140;150;
26-5-2010;Equatorial Guinea;141;142;
26-5-2010;Maldives;142;129;
26-5-2010;Chad;143;128;
26-5-2010;Burundi;144;127;
26-5-2010;New Caledonia;145;126;
26-5-2010;Malaysia;146;123;
26-5-2010;Myanmar;147;122;
26-5-2010;Madagascar;148;121;
26-5-2010;Liechtenstein;149;117;
26-5-2010;Liberia;150;114;
26-5-2010;St. Kitts and Nevis;151;113;
26-5-2010;Lesotho;152;109;
26-5-2010;Vanuatu;153;108;
26-5-2010;Netherlands Antilles;154;103;
26-5-2010;Nicaragua;155;101;
26-5-2010;Eritrea;156;101;
26-5-2010;Bangladesh;157;100;
26-5-2010;Malta;158;100;
26-5-2010;Sri Lanka;159;99;
26-5-2010;Lebanon;160;98;
26-5-2010;Nepal;161;96;
26-5-2010;Niger;162;92;
26-5-2010;St. Vincent and the Grenadines;163;91;
26-5-2010;Mauritania;164;81;
26-5-2010;Pakistan;165;78;
26-5-2010;Puerto Rico;166;76;
26-5-2010;Chinese Taipei;167;75;
26-5-2010;Kyrgyzstan;168;74;
26-5-2010;Philippines;169;67;
26-5-2010;Solomon Islands;170;60;
26-5-2010;Comoros;171;43;
26-5-2010;Mauritius;172;40;
26-5-2010;Somalia;173;39;
26-5-2010;Palestine;174;39;
26-5-2010;Cayman Islands;175;39;
26-5-2010;Laos;176;39;
26-5-2010;Samoa;177;38;
26-5-2010;Seychelles;178;37;
26-5-2010;Mongolia;179;36;
26-5-2010;Belize;180;36;
26-5-2010;Bahamas;181;34;
26-5-2010;Cook Islands;182;34;
26-5-2010;Dominica;183;33;
26-5-2010;Turks and Caicos Islands;184;32;
26-5-2010;Cambodia;185;30;
26-5-2010;Tonga;186;28;
26-5-2010;Dominican Republic;187;26;
26-5-2010;Djibouti;188;23;
26-5-2010;Afghanistan;189;21;
26-5-2010;Brunei Darussalam;190;21;
26-5-2010;St. Lucia;191;19;
26-5-2010;Guinea-Bissau;192;19;
26-5-2010;Tahiti;193;19;
26-5-2010;British Virgin Islands;194;18;
26-5-2010;Guam;195;17;
26-5-2010;Bhutan;196;15;
26-5-2010;Macau;197;14;
26-5-2010;Aruba;198;11;
26-5-2010;US Virgin Islands;199;5;
26-5-2010;Timor-Leste;200;4;
26-5-2010;Andorra;201;2;
26-5-2010;Anguilla;202;0;
26-5-2010;Papua New Guinea;203;0;
26-5-2010;Central African Republic;204;0;
26-5-2010;Montserrat;205;0;
26-5-2010;San Marino;206;0;
26-5-2010;American Samoa;207;0;
8-5-2014;Spain;1;1460;
8-5-2014;Germany;2;1340;
8-5-2014;Portugal;3;1245;
8-5-2014;Brazil;4;1210;
8-5-2014;Colombia;5;1186;
8-5-2014;Uruguay;6;1181;
8-5-2014;Argentina;7;1178;
8-5-2014;Switzerland;8;1161;
8-5-2014;Italy;9;1115;
8-5-2014;Greece;10;1082;
8-5-2014;England;11;1043;
8-5-2014;Belgium;12;1039;
8-5-2014;Chile;13;1037;
8-5-2014;USA;14;1015;
8-5-2014;Netherlands;15;967;
8-5-2014;France;16;935;
8-5-2014;Ukraine;17;913;
8-5-2014;Russia;18;903;
8-5-2014;Mexico;19;877;
8-5-2014;Croatia;20;871;
8-5-2014;Cote d'Ivoire;21;830;
8-5-2014;Scotland;22;825;
8-5-2014;Denmark;23;819;
8-5-2014;Egypt;24;798;
8-5-2014;Algeria;25;795;
8-5-2014;Sweden;26;795;
8-5-2014;Ecuador;27;794;
8-5-2014;Slovenia;28;787;
8-5-2014;Serbia;29;759;
8-5-2014;Honduras;30;759;
8-5-2014;Romania;31;756;
8-5-2014;Armenia;32;750;
8-5-2014;Costa Rica;33;748;
8-5-2014;Panama;34;739;
8-5-2014;Czech Republic;35;731;
8-5-2014;Iran;36;715;
8-5-2014;Ghana;37;713;
8-5-2014;Turkey;38;711;
8-5-2014;Austria;39;673;
8-5-2014;Venezuela;40;666;
8-5-2014;Cape Verde Islands;41;665;
8-5-2014;Peru;42;665;
8-5-2014;Nigeria;43;631;
8-5-2014;Hungary;44;623;
8-5-2014;Slovakia;45;616;
8-5-2014;Japan;46;613;
8-5-2014;Wales;47;613;
8-5-2014;Tunisia;48;597;
8-5-2014;Cameroon;49;583;
8-5-2014;Guinea;50;580;
8-5-2014;Finland;51;578;
8-5-2014;Uzbekistan;52;577;
8-5-2014;Montenegro;53;555;
8-5-2014;Korea Republic;54;551;
8-5-2014;Norway;55;551;
8-5-2014;Paraguay;56;551;
8-5-2014;Iceland;57;546;
8-5-2014;Mali;58;545;
8-5-2014;Australia;59;545;
8-5-2014;Burkina Faso;60;528;
8-5-2014;Libya;61;522;
8-5-2014;Senegal;62;511;
8-5-2014;Jordan;63;510;
8-5-2014;South Africa;64;507;
8-5-2014;Republic of Ireland;65;504;
8-5-2014;United Arab Emirates;66;499;
8-5-2014;Bolivia;67;497;
8-5-2014;El Salvador;68;488;
8-5-2014;Albania;69;486;
8-5-2014;Sierra Leone;70;484;
8-5-2014;Poland;71;479;
8-5-2014;Bulgaria;72;460;
8-5-2014;Trinidad and Tobago;73;457;
8-5-2014;Saudi Arabia;74;455;
8-5-2014;Morocco;75;454;
8-5-2014;Haiti;76;452;
8-5-2014;Israel;77;450;
8-5-2014;Zambia;78;448;
8-5-2014;FYR Macedonia;79;443;
8-5-2014;Jamaica;80;420;
8-5-2014;Oman;81;418;
8-5-2014;Belarus;82;404;
8-5-2014;Northern Ireland;83;400;
8-5-2014;Azerbaijan;84;398;
8-5-2014;Uganda;85;395;
8-5-2014;Gabon;86;386;
8-5-2014;Congo DR;87;380;
8-5-2014;Togo;88;374;
8-5-2014;Cuba;89;371;
8-5-2014;Botswana;90;369;
8-5-2014;Congo;91;367;
8-5-2014;Estonia;92;366;
8-5-2014;Angola;93;347;
8-5-2014;Qatar;94;338;
8-5-2014;China PR;95;333;
8-5-2014;Benin;96;332;
8-5-2014;Zimbabwe;97;327;
8-5-2014;Moldova;98;325;
8-5-2014;Iraq;99;321;
8-5-2014;Ethiopia;100;319;
8-5-2014;Niger;101;315;
8-5-2014;Georgia;102;303;
8-5-2014;Lithuania;103;293;
8-5-2014;Bahrain;104;289;
8-5-2014;Central African Republic;105;284;
8-5-2014;Kenya;106;284;
8-5-2014;Kuwait;107;283;
8-5-2014;Latvia;108;273;
8-5-2014;Canada;109;272;
8-5-2014;New Zealand;110;271;
8-5-2014;Luxembourg;111;266;
8-5-2014;Equatorial Guinea;112;261;
8-5-2014;Mozambique;113;251;
8-5-2014;Lebanon;114;251;
8-5-2014;Vietnam;115;242;
8-5-2014;Sudan;116;241;
8-5-2014;Kazakhstan;117;235;
8-5-2014;Liberia;118;234;
8-5-2014;Namibia;119;233;
8-5-2014;Tajikistan;120;229;
8-5-2014;Tanzania;121;227;
8-5-2014;Malawi;122;227;
8-5-2014;Guatemala;123;223;
8-5-2014;Burundi;124;215;
8-5-2014;Dominican Republic;125;212;
8-5-2014;St. Vincent and the Grenadines;126;212;
8-5-2014;Afghanistan;127;204;
8-5-2014;Malta;128;204;
8-5-2014;Cyprus;129;201;
8-5-2014;Suriname;130;197;
8-5-2014;Rwanda;131;197;
8-5-2014;St. Lucia;132;191;
8-5-2014;Syria;133;190;
8-5-2014;Gambia;134;190;
8-5-2014;Grenada;135;188;
8-5-2014;Korea DPR;136;175;
8-5-2014;New Caledonia;137;174;
8-5-2014;Mauritania;138;165;
8-5-2014;Philippines;139;161;
8-5-2014;Lesotho;140;159;
8-5-2014;Antigua and Barbuda;141;158;
8-5-2014;Thailand;142;156;
8-5-2014;Belize;143;152;
8-5-2014;Malaysia;144;149;
8-5-2014;Kyrgyzstan;145;148;
8-5-2014;Singapore;146;144;
8-5-2014;India;147;144;
8-5-2014;Puerto Rico;148;143;
8-5-2014;Liechtenstein;149;139;
8-5-2014;Guyana;150;137;
8-5-2014;Indonesia;151;135;
8-5-2014;Maldives;152;124;
8-5-2014;St. Kitts and Nevis;153;124;
8-5-2014;Aruba;154;122;
8-5-2014;Turkmenistan;155;119;
8-5-2014;Tahiti;156;116;
8-5-2014;Hong Kong;157;111;
8-5-2014;Pakistan;158;102;
8-5-2014;Nepal;159;102;
8-5-2014;Barbados;160;101;
8-5-2014;Bangladesh;161;98;
8-5-2014;Dominica;162;93;
8-5-2014;Faroe Islands;163;91;
8-5-2014;Palestine;164;88;
8-5-2014;Chad;165;88;
8-5-2014;Sao Tome e Principe;166;86;
8-5-2014;Nicaragua;167;84;
8-5-2014;Bermuda;168;83;
8-5-2014;Chinese Taipei;169;78;
8-5-2014;Guam;170;77;
8-5-2014;Solomon Islands;171;75;
8-5-2014;Sri Lanka;172;73;
8-5-2014;Laos;173;73;
8-5-2014;Myanmar;174;73;
8-5-2014;Seychelles;175;66;
8-5-2014;Curacao;176;65;
8-5-2014;Swaziland;177;64;
8-5-2014;Yemen;178;63;
8-5-2014;Mauritius;179;55;
8-5-2014;Vanuatu;180;55;
8-5-2014;Fiji;181;47;
8-5-2014;Samoa;182;45;
8-5-2014;Comoros;183;43;
8-5-2014;Guinea-Bissau;184;43;
8-5-2014;Bahamas;185;40;
8-5-2014;Mongolia;186;35;
8-5-2014;Montserrat;187;33;
8-5-2014;Madagascar;188;32;
8-5-2014;Cambodia;189;28;
8-5-2014;Tonga;190;26;
8-5-2014;Timor-Leste;191;26;
8-5-2014;Brunei Darussalam;192;26;
8-5-2014;US Virgin Islands;193;23;
8-5-2014;Cayman Islands;194;21;
8-5-2014;Papua New Guinea;195;21;
8-5-2014;American Samoa;196;18;
8-5-2014;British Virgin Islands;197;18;
8-5-2014;Andorra;198;16;
8-5-2014;Eritrea;199;11;
8-5-2014;South Sudan;200;10;
8-5-2014;Somalia;201;8;
8-5-2014;Macau;202;8;
8-5-2014;Djibouti;203;6;
8-5-2014;Cook Islands;204;5;
8-5-2014;Anguilla;205;3;
8-5-2014;San Marino;206;0;
8-5-2014;Bhutan;207;0;
31-12-2017;Germany;1;1602;BLA
31-12-2017;Brazilll;2;1483;
31-12-2017;Portugal;3;1358;
31-12-2017;Argentina;5;1348;
31-12-2017;Belgium;4;1325;
31-12-2017;Spain;6;1231;
31-12-2017;Poland;7;1209;
31-12-2017;Switzerland;8;1190;
31-12-2017;France;9;1183;
31-12-2017;Chile;10;1162;
31-12-2017;Peru;11;1128;
31-12-2017;Denmark;12;1099;
31-12-2017;Colombia;13;1078;
31-12-2017;Italy;14;1052;
31-12-2017;England;15;1047;
31-12-2017;Mexico;16;1032;
31-12-2017;Croatia;17;1018;
31-12-2017;Sweden;18;998;
31-12-2017;Wales;19;985;
31-12-2017;Netherlands;20;952;
31-12-2017;Uruguay;21;924;
31-12-2017;Iceland;22;910;
31-12-2017;Senegal;23;884;
31-12-2017;United States;24;867;
31-12-2017;Northern Ireland;25;867;
31-12-2017;Costa Rica;26;850;
31-12-2017;Tunisia;27;838;
31-12-2017;Slovakia;28;817;
31-12-2017;Austria;29;815;
31-12-2017;Paraguay;30;812;
31-12-2017;Egypt;31;805;
31-12-2017;Republic of Ireland;32;798;
31-12-2017;Iran;33;798;
31-12-2017;Scotland;34;798;
31-12-2017;Ukraine;35;781;
31-12-2017;Serbia;36;756;
31-12-2017;Bosnia-Herzegovina;37;753;
31-12-2017;Australia;38;747;
31-12-2017;Congo DR;39;740;
31-12-2017;Morocco;40;738;
31-12-2017;Romania;41;737;
31-12-2017;Turkey;42;735;
31-12-2017;Bulgaria;43;719;
31-12-2017;Burkina Faso;44;705;
31-12-2017;Cameroon;45;696;
31-12-2017;Montenegro;46;681;
31-12-2017;Greece;47;680;
31-12-2017;Czech Republic;48;677;
31-12-2017;Bolivia;49;674;
31-12-2017;Ghana;50;657;
31-12-2017;Nigeria;51;640;
31-12-2017;Venezuela;52;639;
31-12-2017;Hungary;53;630;
31-12-2017;Jamaica;54;625;
31-12-2017;Panama;55;621;
31-12-2017;Haiti;56;607;
31-12-2017;Japan;57;600;
31-12-2017;Algeria;58;588;
31-12-2017;Norway;59;573;
31-12-2017;Korea Republic;60;570;
31-12-2017;Cote d'Ivoire;61;562;
31-12-2017;Albania;62;553;
31-12-2017;Saudi Arabia;63;543;
31-12-2017;Russia;64;534;
31-12-2017;Guinea;65;532;
31-12-2017;Finland;66;531;
31-12-2017;Cape Verde Islands;67;530;
31-12-2017;Honduras;68;525;
31-12-2017;Slovenia;69;522;
31-12-2017;Ecuador;70;508;
31-12-2017;China PR;71;498;
31-12-2017;Mali;72;493;
31-12-2017;UAE;73;476;
31-12-2017;Zambia;74;468;
31-12-2017;Uganda;75;448;
31-12-2017;FYR Macedonia;76;446;
31-12-2017;Syria;77;442;
31-12-2017;Uzbekistan;78;441;
31-12-2017;Iraq;79;438;
31-12-2017;Palestine;80;434;
31-12-2017;South Africa;81;433;
31-12-2017;Benin;82;427;
31-12-2017;Luxembourg;83;407;
31-12-2017;Curacao;84;407;
31-12-2017;Lebanon;85;404;
31-12-2017;Guinea-Bissau;86;403;
31-12-2017;Trinidad and Tobago;87;402;
31-12-2017;Libya;88;399;
31-12-2017;Estonia;89;397;
31-12-2017;Armenia;90;383;
31-12-2017;Cyprus;91;373;
31-12-2017;Belarus;92;372;
31-12-2017;Gabon;93;370;
31-12-2017;Canada;94;369;
31-12-2017;Faroe Islands;95;364;
31-12-2017;Congo;96;362;
31-12-2017;Sierra Leone;97;360;
31-12-2017;Israel;98;355;
31-12-2017;Mauritania;99;354;
31-12-2017;El Salvador;100;352;
31-12-2017;Oman;101;351;
31-12-2017;Qatar;102;329;
31-12-2017;Zimbabwe;103;323;
31-12-2017;Georgia;104;322;
31-12-2017;India;105;320;
31-12-2017;Kenya;106;317;
31-12-2017;Jordan;107;313;
31-12-2017;Madagascar;108;309;
31-12-2017;Niger;109;309;
31-12-2017;Mozambique;110;304;
31-12-2017;St. Kitts and Nevis;111;303;
31-12-2017;Vietnam;112;298;
31-12-2017;Rwanda;113;295;
31-12-2017;Turkmenistan;114;292;
31-12-2017;Bahrain;115;282;
31-12-2017;Kyrgyzstan;116;282;
31-12-2017;Azerbaijan;117;281;
31-12-2017;Namibia;118;274;
31-12-2017;Nicaragua;119;273;
31-12-2017;Yemen;120;268;
31-12-2017;New Zealand;121;267;
31-12-2017;Togo;122;266;
31-12-2017;Central African Republic;123;266;
31-12-2017;Philippines;124;263;
31-12-2017;Malawi;125;260;
31-12-2017;Tajikistan;126;255;
31-12-2017;Korea DPR;127;255;
31-12-2017;Suriname;128;245;
31-12-2017;Guatemala;129;242;
31-12-2017;Thailand;130;236;
31-12-2017;Comoros;131;235;
31-12-2017;Latvia;132;233;
31-12-2017;Swaziland;133;225;
31-12-2017;Liberia;134;224;
31-12-2017;Chinese Taipei;135;223;
31-12-2017;Sudan;136;221;
31-12-2017;Kazakhstan;137;220;
31-12-2017;Andorra;138;215;
31-12-2017;Antigua and Barbuda;139;209;
31-12-2017;Myanmar;140;203;
31-12-2017;Angola;141;201;
31-12-2017;Burundi;142;197;
31-12-2017;Ethiopia;143;196;
31-12-2017;Hong Kong;144;189;
31-12-2017;Lesotho;145;188;
31-12-2017;Equatorial Guinea;146;187;
31-12-2017;Tanzania;147;182;
31-12-2017;Afghanistan;148;181;
31-12-2017;Lithuania;149;179;
31-12-2017;Botswana;150;172;
31-12-2017;Solomon Islands;151;152;
31-12-2017;Tahiti;152;149;
31-12-2017;South Sudan;153;148;
31-12-2017;New Caledonia;154;146;
31-12-2017;Maldives;155;144;
31-12-2017;Barbados;156;144;
31-12-2017;Vanuatu;157;141;
31-12-2017;Belize;158;135;
31-12-2017;Mauritius;159;134;
31-12-2017;Papua New Guinea;160;126;
31-12-2017;Grenada;161;125;
31-12-2017;Indonesia;162;121;
31-12-2017;Dominican Republic;163;121;
31-12-2017;Gambia;164;120;
31-12-2017;Guyana;165;117;
31-12-2017;Puerto Rico;166;112;
31-12-2017;Moldova;167;111;
31-12-2017;Fiji;168;110;
31-12-2017;Chad;169;110;
31-12-2017;Dominica;170;110;
31-12-2017;Nepal;171;102;
31-12-2017;Singapore;172;101;
31-12-2017;Cambodia;173;100;
31-12-2017;Malaysia;174;99;
31-12-2017;St. Vincent / Grenadines;175;99;
31-12-2017;St. Lucia;176;99;
31-12-2017;Kosovo;177;97;
31-12-2017;Sao Tome e Principe;178;94;
31-12-2017;Aruba;179;92;
31-12-2017;Cuba;180;91;
31-12-2017;Liechtenstein;181;86;
31-12-2017;Laos;182;82;
31-12-2017;Bermuda;183;72;
31-12-2017;Malta;184;66;
31-12-2017;Macao;185;65;
31-12-2017;Djibouti;186;64;
31-12-2017;Mongolia;187;55;
31-12-2017;Bhutan;188;55;
31-12-2017;Kuwait;189;52;
31-12-2017;Brunei;190;45;
31-12-2017;Timor-Leste;191;44;
31-12-2017;Seychelles;192;43;
31-12-2017;Guam;193;43;
31-12-2017;American Samoa;194;38;
31-12-2017;Cook Islands;195;38;
31-12-2017;Samoa;196;38;
31-12-2017;Bangladesh;197;37;
31-12-2017;US Virgin Islands;198;26;
31-12-2017;Montserrat;199;20;
31-12-2017;Sri Lanka;200;16;
31-12-2017;Pakistan;201;15;
31-12-2017;Turks and Caicos Islands;202;13;
31-12-2017;Cayman Islands;203;13;
31-12-2017;San Marino;204;11;
31-12-2017;British Virgin Islands;205;6;
31-12-2017;Anguilla;206;0;
31-12-2017;Bahamas;207;0;
31-12-2017;Eritrea;208;0;
31-12-2017;Gibraltar;209;0;
31-12-2017;Somalia;210;0;
31-12-2017;Tonga;211;0;
